code,titulo_seccion,codigo_indicador, descripcion_indicador,Unnamed: 3,estado,direccion,INDICATOR_CODE,FILE_NAME,INDICATOR_NAME,SOURCE_NOTE,SOURCE_ORGANIZATION
SP.RUR.TOTL,Agriculture & Rural Development,SP.RUR.TOTL,Rural population,descargado,https://data.worldbank.org/indicator/SP.RUR.TOTL?view=chart,,SP.RUR.TOTL,/Users/miguelkiszkurno/Documents/TT1/data/API_SP.RUR.TOTL_DS2_en_excel_v2_42982.xls,Rural population,Rural population refers to people living in rural areas as defined by national statistical offices. It is calculated as the difference between total population and urban population. Aggregation of urban and rural population may not add up to total population because of different country coverages.,World Bank staff estimates based on the United Nations Population Division's World Urbanization Prospects: 2018 Revision.
SP.RUR.TOTL.ZS,Agriculture & Rural Development,SP.RUR.TOTL.ZS,Rural population (% of total population),descargado,https://data.worldbank.org/indicator/SP.RUR.TOTL.ZS?view=chart,,SP.RUR.TOTL.ZS,/Users/miguelkiszkurno/Documents/TT1/data/API_SP.RUR.TOTL.ZS_DS2_en_excel_v2_44039.xls,Rural population (% of total population),Rural population refers to people living in rural areas as defined by national statistical offices. It is calculated as the difference between total population and urban population.,World Bank staff estimates based on the United Nations Population Division's World Urbanization Prospects: 2018 Revision.
SM.POP.NETM,Aid Effectiveness,SM.POP.NETM,Net migration,descargado,https://data.worldbank.org/indicator/SM.POP.NETM?view=chart,,SM.POP.NETM,/Users/miguelkiszkurno/Documents/TT1/data/API_SM.POP.NETM_DS2_en_excel_v2_437.xls,Net migration,"Net migration is the net total of migrants during the period, that is, the number of immigrants minus the number of emigrants, including both citizens and noncitizens.",United Nations Population Division. World Population Prospects: 2022 Revision.
SM.POP.NETM,Aid Effectiveness,SM.POP.NETM,Net migration,descargado,https://data.worldbank.org/indicator/SM.POP.NETM?view=chart,,SM.POP.NETM,/Users/miguelkiszkurno/Documents/TT1/data/API_SM.POP.NETM_DS2_en_excel_v2_437 (1).xls,Net migration,"Net migration is the net total of migrants during the period, that is, the number of immigrants minus the number of emigrants, including both citizens and noncitizens.",United Nations Population Division. World Population Prospects: 2022 Revision.
SM.POP.NETM,Financial Sector,SM.POP.NETM,Net migration,descargado,https://data.worldbank.org/indicator/SM.POP.NETM?view=chart,,SM.POP.NETM,/Users/miguelkiszkurno/Documents/TT1/data/API_SM.POP.NETM_DS2_en_excel_v2_437.xls,Net migration,"Net migration is the net total of migrants during the period, that is, the number of immigrants minus the number of emigrants, including both citizens and noncitizens.",United Nations Population Division. World Population Prospects: 2022 Revision.
SM.POP.NETM,Financial Sector,SM.POP.NETM,Net migration,descargado,https://data.worldbank.org/indicator/SM.POP.NETM?view=chart,,SM.POP.NETM,/Users/miguelkiszkurno/Documents/TT1/data/API_SM.POP.NETM_DS2_en_excel_v2_437 (1).xls,Net migration,"Net migration is the net total of migrants during the period, that is, the number of immigrants minus the number of emigrants, including both citizens and noncitizens.",United Nations Population Division. World Population Prospects: 2022 Revision.
SM.POP.NETM,Health,SM.POP.NETM,Net migration,descargado,https://data.worldbank.org/indicator/SM.POP.NETM?view=chart,,SM.POP.NETM,/Users/miguelkiszkurno/Documents/TT1/data/API_SM.POP.NETM_DS2_en_excel_v2_437.xls,Net migration,"Net migration is the net total of migrants during the period, that is, the number of immigrants minus the number of emigrants, including both citizens and noncitizens.",United Nations Population Division. World Population Prospects: 2022 Revision.
SM.POP.NETM,Health,SM.POP.NETM,Net migration,descargado,https://data.worldbank.org/indicator/SM.POP.NETM?view=chart,,SM.POP.NETM,/Users/miguelkiszkurno/Documents/TT1/data/API_SM.POP.NETM_DS2_en_excel_v2_437 (1).xls,Net migration,"Net migration is the net total of migrants during the period, that is, the number of immigrants minus the number of emigrants, including both citizens and noncitizens.",United Nations Population Division. World Population Prospects: 2022 Revision.
SP.POP.TOTL,Climate Change,SP.POP.TOTL,"Population, total",descargado,https://data.worldbank.org/indicator/SP.POP.TOTL?view=chart,,SP.POP.TOTL,/Users/miguelkiszkurno/Documents/TT1/data/API_SP.POP.TOTL_DS2_en_excel_v2_84058.xls,"Population, total","Total population is based on the de facto definition of population, which counts all residents regardless of legal status or citizenship. The values shown are midyear estimates.","(1) United Nations Population Division. World Population Prospects: 2022 Revision. (2) Census reports and other statistical publications from national statistical offices, (3) Eurostat: Demographic Statistics, (4) United Nations Statistical Division. Population and Vital Statistics Reprot (various years), (5) U.S. Census Bureau: International Database, and (6) Secretariat of the Pacific Community: Statistics and Demography Programme."
SP.POP.TOTL,Health,SP.POP.TOTL,"Population, total",descargado,https://data.worldbank.org/indicator/SP.POP.TOTL?view=chart,,SP.POP.TOTL,/Users/miguelkiszkurno/Documents/TT1/data/API_SP.POP.TOTL_DS2_en_excel_v2_84058.xls,"Population, total","Total population is based on the de facto definition of population, which counts all residents regardless of legal status or citizenship. The values shown are midyear estimates.","(1) United Nations Population Division. World Population Prospects: 2022 Revision. (2) Census reports and other statistical publications from national statistical offices, (3) Eurostat: Demographic Statistics, (4) United Nations Statistical Division. Population and Vital Statistics Reprot (various years), (5) U.S. Census Bureau: International Database, and (6) Secretariat of the Pacific Community: Statistics and Demography Programme."
SP.URB.TOTL,Climate Change,SP.URB.TOTL,Urban population,descargado,https://data.worldbank.org/indicator/SP.URB.TOTL?view=chart,,SP.URB.TOTL,/Users/miguelkiszkurno/Documents/TT1/data/API_SP.URB.TOTL_DS2_en_excel_v2_326.xls,Urban population,Urban population refers to people living in urban areas as defined by national statistical offices. It is calculated using World Bank population estimates and urban ratios from the United Nations World Urbanization Prospects. Aggregation of urban and rural population may not add up to total population because of different country coverages.,World Bank staff estimates based on the United Nations Population Division's World Urbanization Prospects: 2018 Revision.
SP.URB.TOTL,Climate Change,SP.URB.TOTL,Urban population,descargado,https://data.worldbank.org/indicator/SP.URB.TOTL?view=chart,,SP.URB.TOTL,/Users/miguelkiszkurno/Documents/TT1/data/urban development/API_SP.URB.TOTL_DS2_en_excel_v2_367629.xls,Urban population,Urban population refers to people living in urban areas as defined by national statistical offices. It is calculated using World Bank population estimates and urban ratios from the United Nations World Urbanization Prospects. Aggregation of urban and rural population may not add up to total population because of different country coverages.,World Bank staff estimates based on the United Nations Population Division's World Urbanization Prospects: 2018 Revision.
SP.URB.TOTL.IN.ZS,Climate Change,SP.URB.TOTL.IN.ZS,Urban population (% of total population),descargado,https://data.worldbank.org/indicator/SP.URB.TOTL.IN.ZS?view=chart,,SP.URB.TOTL.IN.ZS,/Users/miguelkiszkurno/Documents/TT1/data/API_SP.URB.TOTL.IN.ZS_DS2_en_excel_v2_330.xls,Urban population (% of total population),Urban population refers to people living in urban areas as defined by national statistical offices. The data are collected and smoothed by United Nations Population Division.,United Nations Population Division. World Urbanization Prospects: 2018 Revision.
SP.URB.TOTL.IN.ZS,Climate Change,SP.URB.TOTL.IN.ZS,Urban population (% of total population),descargado,https://data.worldbank.org/indicator/SP.URB.TOTL.IN.ZS?view=chart,,SP.URB.TOTL.IN.ZS,/Users/miguelkiszkurno/Documents/TT1/data/urban development/API_SP.URB.TOTL.IN.ZS_DS2_en_excel_v2_391841.xls,Urban population (% of total population),Urban population refers to people living in urban areas as defined by national statistical offices. The data are collected and smoothed by United Nations Population Division.,United Nations Population Division. World Urbanization Prospects: 2018 Revision.
SP.URB.TOTL.IN.ZS,Urban Development,SP.URB.TOTL.IN.ZS,"Urban population (% of total population),descargado,xxx
Urban Development,EN.URB.MCTY,Population in urban agglomerations of more than 1 million,descargado,xxx
Urban Development,EN.URB.LCTY,Population in largest city,descargado,xxx
Urban Development,AG.LND.EL5M.UR.ZS,Urban land area where elevation is below 5 meters (% of total land area),descargado,xxx
Urban Development,EP.PMP.SGAS.CD,Pump price for gasoline (US$ per liter),descargado,xxx
Urban Development,EP.PMP.DESL.CD,Pump price for diesel fuel (US$ per liter),descargado,xxx
Urban Development,EN.POP.DNST,Population density (people per sq. km of land area),descargado,xxx
Urban Development,SP.URB.TOTL, Urban population""",descargado,xxx,,SP.URB.TOTL.IN.ZS,/Users/miguelkiszkurno/Documents/TT1/data/API_SP.URB.TOTL.IN.ZS_DS2_en_excel_v2_330.xls,Urban population (% of total population),Urban population refers to people living in urban areas as defined by national statistical offices. The data are collected and smoothed by United Nations Population Division.,United Nations Population Division. World Urbanization Prospects: 2018 Revision.
SP.URB.TOTL.IN.ZS,Urban Development,SP.URB.TOTL.IN.ZS,"Urban population (% of total population),descargado,xxx
Urban Development,EN.URB.MCTY,Population in urban agglomerations of more than 1 million,descargado,xxx
Urban Development,EN.URB.LCTY,Population in largest city,descargado,xxx
Urban Development,AG.LND.EL5M.UR.ZS,Urban land area where elevation is below 5 meters (% of total land area),descargado,xxx
Urban Development,EP.PMP.SGAS.CD,Pump price for gasoline (US$ per liter),descargado,xxx
Urban Development,EP.PMP.DESL.CD,Pump price for diesel fuel (US$ per liter),descargado,xxx
Urban Development,EN.POP.DNST,Population density (people per sq. km of land area),descargado,xxx
Urban Development,SP.URB.TOTL, Urban population""",descargado,xxx,,SP.URB.TOTL.IN.ZS,/Users/miguelkiszkurno/Documents/TT1/data/urban development/API_SP.URB.TOTL.IN.ZS_DS2_en_excel_v2_391841.xls,Urban population (% of total population),Urban population refers to people living in urban areas as defined by national statistical offices. The data are collected and smoothed by United Nations Population Division.,United Nations Population Division. World Urbanization Prospects: 2018 Revision.
SP.POP.0014.TO.ZS,Education,SP.POP.0014.TO.ZS,Population ages 0-14 (% of total population),descargado,https://data.worldbank.org/indicator/SP.POP.0014.TO.ZS?view=chart,,SP.POP.0014.TO.ZS,/Users/miguelkiszkurno/Documents/TT1/data/API_SP.POP.0014.TO.ZS_DS2_en_excel_v2_43235.xls,Population ages 0-14 (% of total population),Population between the ages 0 to 14 as a percentage of the total population. Population is based on the de facto definition of population.,United Nations Population Division. World Population Prospects: 2022 Revision.
SP.POP.0014.TO.ZS,Health,SP.POP.0014.TO.ZS,Population ages 0-14 (% of total population),descargado,https://data.worldbank.org/indicator/SP.POP.0014.TO.ZS?view=chart,,SP.POP.0014.TO.ZS,/Users/miguelkiszkurno/Documents/TT1/data/API_SP.POP.0014.TO.ZS_DS2_en_excel_v2_43235.xls,Population ages 0-14 (% of total population),Population between the ages 0 to 14 as a percentage of the total population. Population is based on the de facto definition of population.,United Nations Population Division. World Population Prospects: 2022 Revision.
SP.POP.1564.TO.ZS,Education,SP.POP.1564.TO.ZS,Population ages 15-64 (% of total population),descargado,https://data.worldbank.org/indicator/SP.POP.1564.TO.ZS?view=chart,,SP.POP.1564.TO.ZS,/Users/miguelkiszkurno/Documents/TT1/data/API_SP.POP.1564.TO.ZS_DS2_en_excel_v2_42837.xls,Population ages 15-64 (% of total population),"Total population between the ages 15 to 64 as a percentage of the total population. Population is based on the de facto definition of population, which counts all residents regardless of legal status or citizenship.",United Nations Population Division. World Population Prospects: 2022 Revision.
SP.POP.1564.TO.ZS,Health,SP.POP.1564.TO.ZS,Population ages 15-64 (% of total population),descargado,https://data.worldbank.org/indicator/SP.POP.1564.TO.ZS?view=chart,,SP.POP.1564.TO.ZS,/Users/miguelkiszkurno/Documents/TT1/data/API_SP.POP.1564.TO.ZS_DS2_en_excel_v2_42837.xls,Population ages 15-64 (% of total population),"Total population between the ages 15 to 64 as a percentage of the total population. Population is based on the de facto definition of population, which counts all residents regardless of legal status or citizenship.",United Nations Population Division. World Population Prospects: 2022 Revision.
SP.POP.0004.FE.5Y,Health,SP.POP.0004.FE.5Y,"Population ages 00-04, female (% of female population)",descargado,https://data.worldbank.org/indicator/SP.POP.0004.FE.5Y?view=chart,,SP.POP.0004.FE.5Y,/Users/miguelkiszkurno/Documents/TT1/data/API_SP.POP.0004.FE.5Y_DS2_en_excel_v2_53513.xls,"Population ages 00-04, female (% of female population)",Female population between the ages 0 to 4 as a percentage of the total female population.,United Nations Population Division. World Population Prospects: 2022 Revision.
SP.POP.0004.MA.5Y,Health,SP.POP.0004.MA.5Y,"Population ages 00-04, male (% of male population)",descargado,https://data.worldbank.org/indicator/SP.POP.0004.MA.5Y?view=chart,,SP.POP.0004.MA.5Y,/Users/miguelkiszkurno/Documents/TT1/data/API_SP.POP.0004.MA.5Y_DS2_en_excel_v2_51884.xls,"Population ages 00-04, male (% of male population)",Male population between the ages 0 to 4 as a percentage of the total male population.,United Nations Population Division. World Population Prospects: 2022 Revision.
SP.POP.0014.FE.IN,Health,SP.POP.0014.FE.IN,"Population ages 0-14, female",descargado,https://data.worldbank.org/indicator/SP.POP.0014.FE.IN?view=chart,,SP.POP.0014.FE.IN,/Users/miguelkiszkurno/Documents/TT1/data/API_SP.POP.0014.FE.IN_DS2_en_excel_v2_49974.xls,"Population ages 0-14, female","Female population between the ages 0 to 14. Population is based on the de facto definition of population, which counts all residents regardless of legal status or citizenship.",World Bank staff estimates using the World Bank's total population and age/sex distributions of the United Nations Population Division's World Population Prospects: 2022 Revision.
SP.POP.0014.FE.ZS,Health,SP.POP.0014.FE.ZS,"Population ages 0-14, female (% of female population)",descargado,https://data.worldbank.org/indicator/SP.POP.0014.FE.ZS?view=chart,,SP.POP.0014.FE.ZS,/Users/miguelkiszkurno/Documents/TT1/data/API_SP.POP.0014.FE.ZS_DS2_en_excel_v2_49882.xls,"Population ages 0-14, female (% of female population)",Female population between the ages 0 to 14 as a percentage of the total female population. Population is based on the de facto definition of population.,United Nations Population Division. World Population Prospects: 2022 Revision.
SP.POP.0014.MA.IN,Health,SP.POP.0014.MA.IN,"Population ages 0-14, male",descargado,https://data.worldbank.org/indicator/SP.POP.0014.MA.IN?view=chart,,SP.POP.0014.MA.IN,/Users/miguelkiszkurno/Documents/TT1/data/API_SP.POP.0014.MA.IN_DS2_en_excel_v2_51555.xls,"Population ages 0-14, male","Male population between the ages 0 to 14. Population is based on the de facto definition of population, which counts all residents regardless of legal status or citizenship.",World Bank staff estimates using the World Bank's total population and age/sex distributions of the United Nations Population Division's World Population Prospects: 2022 Revision.
SP.POP.0014.MA.ZS,Health,SP.POP.0014.MA.ZS,"Population ages 0-14, male (% of male population)",descargado,https://data.worldbank.org/indicator/SP.POP.0014.MA.ZS?view=chart,,SP.POP.0014.MA.ZS,/Users/miguelkiszkurno/Documents/TT1/data/API_SP.POP.0014.MA.ZS_DS2_en_excel_v2_53183.xls,"Population ages 0-14, male (% of male population)",Male population between the ages 0 to 14 as a percentage of the total male population. Population is based on the de facto definition of population.,United Nations Population Division. World Population Prospects: 2022 Revision.
SP.POP.0014.TO,Health,SP.POP.0014.TO,"Population ages 0-14, total",descargado,https://data.worldbank.org/indicator/SP.POP.0014.TO?view=chart,,SP.POP.0014.TO,/Users/miguelkiszkurno/Documents/TT1/data/API_SP.POP.0014.TO_DS2_en_excel_v2_44622.xls,"Population ages 0-14, total","Total population between the ages 0 to 14. Population is based on the de facto definition of population, which counts all residents regardless of legal status or citizenship.",World Bank staff estimates using the World Bank's total population and age/sex distributions of the United Nations Population Division's World Population Prospects: 2022 Revision.
SP.POP.0509.FE.5Y,Health,SP.POP.0509.FE.5Y,"Population ages 05-09, female (% of female population)",descargado,https://data.worldbank.org/indicator/SP.POP.0509.FE.5Y?view=chart,,SP.POP.0509.FE.5Y,/Users/miguelkiszkurno/Documents/TT1/data/API_SP.POP.0509.FE.5Y_DS2_en_excel_v2_53454.xls,"Population ages 05-09, female (% of female population)",Female population between the ages 5 to 9 as a percentage of the total female population.,United Nations Population Division. World Population Prospects: 2022 Revision.
SP.POP.0509.MA.5Y,Health,SP.POP.0509.MA.5Y,"Population ages 05-09, male (% of male population)",descargado,https://data.worldbank.org/indicator/SP.POP.0509.MA.5Y?view=chart,,SP.POP.0509.MA.5Y,/Users/miguelkiszkurno/Documents/TT1/data/API_SP.POP.0509.MA.5Y_DS2_en_excel_v2_53356.xls,"Population ages 05-09, male (% of male population)",Male population between the ages 5 to 9 as a percentage of the total male population.,United Nations Population Division. World Population Prospects: 2022 Revision.
SP.POP.1014.FE.5Y,Health,SP.POP.1014.FE.5Y,"Population ages 10-14, female (% of female population)",descargado,https://data.worldbank.org/indicator/SP.POP.1014.FE.5Y?view=chart,,SP.POP.1014.FE.5Y,/Users/miguelkiszkurno/Documents/TT1/data/API_SP.POP.1014.FE.5Y_DS2_en_excel_v2_51225.xls,"Population ages 10-14, female (% of female population)",Female population between the ages 10 to 14 as a percentage of the total female population.,United Nations Population Division. World Population Prospects: 2022 Revision.
SP.POP.1014.MA.5Y,Health,SP.POP.1014.MA.5Y,"Population ages 10-14, male (% of male population)",descargado,https://data.worldbank.org/indicator/SP.POP.1014.MA.5Y?view=chart,,SP.POP.1014.MA.5Y,/Users/miguelkiszkurno/Documents/TT1/data/API_SP.POP.1014.MA.5Y_DS2_en_excel_v2_44798.xls,"Population ages 10-14, male (% of male population)",Male population between the ages 10 to 14 as a percentage of the total male population.,United Nations Population Division. World Population Prospects: 2022 Revision.
SP.POP.1519.FE.5Y,Health,SP.POP.1519.FE.5Y,"Population ages 15-19, female (% of female population)",descargado,https://data.worldbank.org/indicator/SP.POP.1519.FE.5Y?view=chart,,SP.POP.1519.FE.5Y,/Users/miguelkiszkurno/Documents/TT1/data/API_SP.POP.1519.FE.5Y_DS2_en_excel_v2_49966.xls,"Population ages 15-19, female (% of female population)",Female population between the ages 15 to 19 as a percentage of the total female population.,United Nations Population Division. World Population Prospects: 2022 Revision.
SP.POP.1519.MA.5Y,Health,SP.POP.1519.MA.5Y,"Population ages 15-19, male (% of male population)",descargado,https://data.worldbank.org/indicator/SP.POP.1519.MA.5Y?view=chart,,SP.POP.1519.MA.5Y,/Users/miguelkiszkurno/Documents/TT1/data/API_SP.POP.1519.MA.5Y_DS2_en_excel_v2_45171.xls,"Population ages 15-19, male (% of male population)",Male population between the ages 15 to 19 as a percentage of the total male population.,United Nations Population Division. World Population Prospects: 2022 Revision.
SP.POP.1564.FE.IN,Health,SP.POP.1564.FE.IN,"Population ages 15-64, female",descargado,https://data.worldbank.org/indicator/SP.POP.1564.FE.IN?view=chart,,SP.POP.1564.FE.IN,/Users/miguelkiszkurno/Documents/TT1/data/API_SP.POP.1564.FE.IN_DS2_en_excel_v2_49509.xls,"Population ages 15-64, female","Female population between the ages 15 to 64. Population is based on the de facto definition of population, which counts all residents regardless of legal status or citizenship.",World Bank staff estimates using the World Bank's total population and age/sex distributions of the United Nations Population Division's World Population Prospects: 2022 Revision.
SP.POP.1564.FE.ZS,Health,SP.POP.1564.FE.ZS,"Population ages 15-64, female (% of female population)",descargado,https://data.worldbank.org/indicator/SP.POP.1564.FE.ZS?view=chart,,SP.POP.1564.FE.ZS,/Users/miguelkiszkurno/Documents/TT1/data/API_SP.POP.1564.FE.ZS_DS2_en_excel_v2_53187.xls,"Population ages 15-64, female (% of female population)","Female population between the ages 15 to 64 as a percentage of the total female population. Population is based on the de facto definition of population, which counts all residents regardless of legal status or citizenship.",United Nations Population Division. World Population Prospects: 2022 Revision.
SP.POP.1564.MA.IN,Health,SP.POP.1564.MA.IN,"Population ages 15-64, male",descargado,https://data.worldbank.org/indicator/SP.POP.1564.MA.IN?view=chart,,SP.POP.1564.MA.IN,/Users/miguelkiszkurno/Documents/TT1/data/API_SP.POP.1564.MA.IN_DS2_en_excel_v2_45081.xls,"Population ages 15-64, male","Male population between the ages 15 to 64. Population is based on the de facto definition of population, which counts all residents regardless of legal status or citizenship.",World Bank staff estimates using the World Bank's total population and age/sex distributions of the United Nations Population Division's World Population Prospects: 2022 Revision.
SP.POP.1564.MA.ZS,Health,SP.POP.1564.MA.ZS,"Population ages 15-64, male (% of male population)",descargado,https://data.worldbank.org/indicator/SP.POP.1564.MA.ZS?view=chart,,SP.POP.1564.MA.ZS,/Users/miguelkiszkurno/Documents/TT1/data/API_SP.POP.1564.MA.ZS_DS2_en_excel_v2_51567.xls,"Population ages 15-64, male (% of male population)","Male population between the ages 15 to 64 as a percentage of the total male population. Population is based on the de facto definition of population, which counts all residents regardless of legal status or citizenship.",United Nations Population Division. World Population Prospects: 2022 Revision.
SP.POP.1564.TO,Health,SP.POP.1564.TO,"Population ages 15-64, total",descargado,https://data.worldbank.org/indicator/SP.POP.1564.TO?view=chart,,SP.POP.1564.TO,/Users/miguelkiszkurno/Documents/TT1/data/API_SP.POP.1564.TO_DS2_en_excel_v2_42392.xls,"Population ages 15-64, total","Total population between the ages 15 to 64. Population is based on the de facto definition of population, which counts all residents regardless of legal status or citizenship.",World Bank staff estimates using the World Bank's total population and age/sex distributions of the United Nations Population Division's World Population Prospects: 2022 Revision.
SP.POP.2024.FE.5Y,Health,SP.POP.2024.FE.5Y,"Population ages 20-24, female (% of female population)",descargado,https://data.worldbank.org/indicator/SP.POP.2024.FE.5Y?view=chart,,SP.POP.2024.FE.5Y,/Users/miguelkiszkurno/Documents/TT1/data/API_SP.POP.2024.FE.5Y_DS2_en_excel_v2_55029.xls,"Population ages 20-24, female (% of female population)",Female population between the ages 20 to 24 as a percentage of the total female population.,United Nations Population Division. World Population Prospects: 2022 Revision.
SP.POP.2024.MA.5Y,Health,SP.POP.2024.MA.5Y,"Population ages 20-24, male (% of male population)",descargado,https://data.worldbank.org/indicator/SP.POP.2024.MA.5Y?view=chart,,SP.POP.2024.MA.5Y,/Users/miguelkiszkurno/Documents/TT1/data/API_SP.POP.2024.MA.5Y_DS2_en_excel_v2_51570.xls,"Population ages 20-24, male (% of male population)",Male population between the ages 20 to 24 as a percentage of the total male population.,United Nations Population Division. World Population Prospects: 2022 Revision.
SP.POP.2529.FE.5Y,Health,SP.POP.2529.FE.5Y,"Population ages 25-29, female (% of female population)",descargado,https://data.worldbank.org/indicator/SP.POP.2529.FE.5Y?view=chart,,SP.POP.2529.FE.5Y,/Users/miguelkiszkurno/Documents/TT1/data/API_SP.POP.2529.FE.5Y_DS2_en_excel_v2_47054.xls,"Population ages 25-29, female (% of female population)",Female population between the ages 25 to 29 as a percentage of the total female population.,United Nations Population Division. World Population Prospects: 2022 Revision.
SP.POP.2529.MA.5Y,Health,SP.POP.2529.MA.5Y,"Population ages 25-29, male (% of male population)",descargado,https://data.worldbank.org/indicator/SP.POP.2529.MA.5Y?view=chart,,SP.POP.2529.MA.5Y,/Users/miguelkiszkurno/Documents/TT1/data/API_SP.POP.2529.MA.5Y_DS2_en_excel_v2_45112.xls,"Population ages 25-29, male (% of male population)",Male population between the ages 25 to 29 as a percentage of the total male population.,United Nations Population Division. World Population Prospects: 2022 Revision.
SP.POP.3034.FE.5Y,Health,SP.POP.3034.FE.5Y,"Population ages 30-34, female (% of female population)",descargado,https://data.worldbank.org/indicator/SP.POP.3034.FE.5Y?view=chart,,SP.POP.3034.FE.5Y,/Users/miguelkiszkurno/Documents/TT1/data/API_SP.POP.3034.FE.5Y_DS2_en_excel_v2_51573.xls,"Population ages 30-34, female (% of female population)",Female population between the ages 30 to 34 as a percentage of the total female population.,United Nations Population Division. World Population Prospects: 2022 Revision.
SP.POP.3034.MA.5Y,Health,SP.POP.3034.MA.5Y,"Population ages 30-34, male (% of male population)",descargado,https://data.worldbank.org/indicator/SP.POP.3034.MA.5Y?view=chart,,SP.POP.3034.MA.5Y,/Users/miguelkiszkurno/Documents/TT1/data/API_SP.POP.3034.MA.5Y_DS2_en_excel_v2_51932.xls,"Population ages 30-34, male (% of male population)",Male population between the ages 30 to 34 as a percentage of the total male population.,United Nations Population Division. World Population Prospects: 2022 Revision.
SP.POP.3539.FE.5Y,Health,SP.POP.3539.FE.5Y,"Population ages 35-39, female (% of female population)",descargado,https://data.worldbank.org/indicator/SP.POP.3539.FE.5Y?view=chart,,SP.POP.3539.FE.5Y,/Users/miguelkiszkurno/Documents/TT1/data/API_SP.POP.3539.FE.5Y_DS2_en_excel_v2_53761.xls,"Population ages 35-39, female (% of female population)",Female population between the ages 35 to 39 as a percentage of the total female population.,United Nations Population Division. World Population Prospects: 2022 Revision.
SP.POP.3539.MA.5Y,Health,SP.POP.3539.MA.5Y,"Population ages 35-39, male (% of male population)",descargado,https://data.worldbank.org/indicator/SP.POP.3539.MA.5Y?view=chart,,SP.POP.3539.MA.5Y,/Users/miguelkiszkurno/Documents/TT1/data/API_SP.POP.3539.MA.5Y_DS2_en_excel_v2_53342.xls,"Population ages 35-39, male (% of male population)",Male population between the ages 35 to 39 as a percentage of the total male population.,United Nations Population Division. World Population Prospects: 2022 Revision.
SP.POP.4044.FE.5Y,Health,SP.POP.4044.FE.5Y,"Population ages 40-44, female (% of female population)",descargado,https://data.worldbank.org/indicator/SP.POP.4044.FE.5Y?view=chart,,SP.POP.4044.FE.5Y,/Users/miguelkiszkurno/Documents/TT1/data/API_SP.POP.4044.FE.5Y_DS2_en_excel_v2_53351.xls,"Population ages 40-44, female (% of female population)",Female population between the ages 40 to 44 as a percentage of the total female population.,United Nations Population Division. World Population Prospects: 2022 Revision.
SP.POP.4044.MA.5Y,Health,SP.POP.4044.MA.5Y,"Population ages 40-44, male (% of male population)",descargado,https://data.worldbank.org/indicator/SP.POP.4044.MA.5Y?view=chart,,SP.POP.4044.MA.5Y,/Users/miguelkiszkurno/Documents/TT1/data/API_SP.POP.4044.MA.5Y_DS2_en_excel_v2_51285.xls,"Population ages 40-44, male (% of male population)",Male population between the ages 40 to 44 as a percentage of the total male population.,United Nations Population Division. World Population Prospects: 2022 Revision.
SP.POP.4549.FE.5Y,Health,SP.POP.4549.FE.5Y,"Population ages 45-49, female (% of female population)",descargado,https://data.worldbank.org/indicator/SP.POP.4549.FE.5Y?view=chart,,SP.POP.4549.FE.5Y,/Users/miguelkiszkurno/Documents/TT1/data/API_SP.POP.4549.FE.5Y_DS2_en_excel_v2_43887.xls,"Population ages 45-49, female (% of female population)",Female population between the ages 45 to 49 as a percentage of the total female population.,United Nations Population Division. World Population Prospects: 2022 Revision.
SP.POP.4549.MA.5Y,Health,SP.POP.4549.MA.5Y,"Population ages 45-49, male (% of male population)",descargado,https://data.worldbank.org/indicator/SP.POP.4549.MA.5Y?view=chart,,SP.POP.4549.MA.5Y,/Users/miguelkiszkurno/Documents/TT1/data/API_SP.POP.4549.MA.5Y_DS2_en_excel_v2_439.xls,"Population ages 45-49, male (% of male population)",Male population between the ages 45 to 49 as a percentage of the total male population.,United Nations Population Division. World Population Prospects: 2022 Revision.
SP.POP.5054.FE.5Y,Health,SP.POP.5054.FE.5Y,"Population ages 50-54, female (% of female population)",descargado,https://data.worldbank.org/indicator/SP.POP.5054.FE.5Y?view=chart,,SP.POP.5054.FE.5Y,/Users/miguelkiszkurno/Documents/TT1/data/API_SP.POP.5054.FE.5Y_DS2_en_excel_v2_51577.xls,"Population ages 50-54, female (% of female population)",Female population between the ages 50 to 54 as a percentage of the total female population.,United Nations Population Division. World Population Prospects: 2022 Revision.
SP.POP.5054.MA.5Y,Health,SP.POP.5054.MA.5Y,"Population ages 50-54, male (% of male population)",descargado,https://data.worldbank.org/indicator/SP.POP.5054.MA.5Y?view=chart,,SP.POP.5054.MA.5Y,/Users/miguelkiszkurno/Documents/TT1/data/API_SP.POP.5054.MA.5Y_DS2_en_excel_v2_51939.xls,"Population ages 50-54, male (% of male population)",Male population between the ages 50 to 54 as a percentage of the total male population.,United Nations Population Division. World Population Prospects: 2022 Revision.
SP.POP.5559.FE.5Y,Health,SP.POP.5559.FE.5Y,"Population ages 55-59, female (% of female population)",descargado,https://data.worldbank.org/indicator/SP.POP.5559.FE.5Y?view=chart,,SP.POP.5559.FE.5Y,/Users/miguelkiszkurno/Documents/TT1/data/API_SP.POP.5559.FE.5Y_DS2_en_excel_v2_51158.xls,"Population ages 55-59, female (% of female population)",Female population between the ages 55 to 59 as a percentage of the total female population.,United Nations Population Division. World Population Prospects: 2022 Revision.
SP.POP.5559.MA.5Y,Health,SP.POP.5559.MA.5Y,"Population ages 55-59, male (% of male population)",descargado,https://data.worldbank.org/indicator/SP.POP.5559.MA.5Y?view=chart,,SP.POP.5559.MA.5Y,/Users/miguelkiszkurno/Documents/TT1/data/API_SP.POP.5559.MA.5Y_DS2_en_excel_v2_51136.xls,"Population ages 55-59, male (% of male population)",Male population between the ages 55 to 59 as a percentage of the total male population.,United Nations Population Division. World Population Prospects: 2022 Revision.
SP.POP.6064.FE.5Y,Health,SP.POP.6064.FE.5Y,"Population ages 60-64, female (% of female population)",descargado,https://data.worldbank.org/indicator/SP.POP.6064.FE.5Y?view=chart,,SP.POP.6064.FE.5Y,/Users/miguelkiszkurno/Documents/TT1/data/API_SP.POP.6064.FE.5Y_DS2_en_excel_v2_45267.xls,"Population ages 60-64, female (% of female population)",Female population between the ages 60 to 64 as a percentage of the total female population.,United Nations Population Division. World Population Prospects: 2022 Revision.
SP.POP.6064.MA.5Y,Health,SP.POP.6064.MA.5Y,"Population ages 60-64, male (% of male population)",descargado,https://data.worldbank.org/indicator/SP.POP.6064.MA.5Y?view=chart,,SP.POP.6064.MA.5Y,/Users/miguelkiszkurno/Documents/TT1/data/API_SP.POP.6064.MA.5Y_DS2_en_excel_v2_51329.xls,"Population ages 60-64, male (% of male population)",Male population between the ages 60 to 64 as a percentage of the total male population.,United Nations Population Division. World Population Prospects: 2022 Revision.
SP.POP.6569.FE.5Y,Health,SP.POP.6569.FE.5Y,"Population ages 65-69, female (% of female population)",descargado,https://data.worldbank.org/indicator/SP.POP.6569.FE.5Y?view=chart,,SP.POP.6569.FE.5Y,/Users/miguelkiszkurno/Documents/TT1/data/API_SP.POP.6569.FE.5Y_DS2_en_excel_v2_53439.xls,"Population ages 65-69, female (% of female population)",Female population between the ages 65 to 69 as a percentage of the total female population.,United Nations Population Division. World Population Prospects: 2022 Revision.
SP.POP.6569.MA.5Y,Health,SP.POP.6569.MA.5Y,"Population ages 65-69, male (% of male population)",descargado,https://data.worldbank.org/indicator/SP.POP.6569.MA.5Y?view=chart,,SP.POP.6569.MA.5Y,/Users/miguelkiszkurno/Documents/TT1/data/API_SP.POP.6569.MA.5Y_DS2_en_excel_v2_51348.xls,"Population ages 65-69, male (% of male population)",Male population between the ages 65 to 69 as a percentage of the total male population.,United Nations Population Division. World Population Prospects: 2022 Revision.
SP.POP.65UP.FE.IN,Health,SP.POP.65UP.FE.IN,"Population ages 65 and above, female",descargado,https://data.worldbank.org/indicator/SP.POP.65UP.FE.IN?view=chart,,SP.POP.65UP.FE.IN,/Users/miguelkiszkurno/Documents/TT1/data/API_SP.POP.65UP.FE.IN_DS2_en_excel_v2_49949.xls,"Population ages 65 and above, female","Female population 65 years of age or older. Population is based on the de facto definition of population, which counts all residents regardless of legal status or citizenship.",World Bank staff estimates using the World Bank's total population and age/sex distributions of the United Nations Population Division's World Population Prospects: 2022 Revision.
SP.POP.65UP.FE.ZS,Health,SP.POP.65UP.FE.ZS,"Population ages 65 and above, female (% of female population)",descargado,https://data.worldbank.org/indicator/SP.POP.65UP.FE.ZS?view=chart,,SP.POP.65UP.FE.ZS,/Users/miguelkiszkurno/Documents/TT1/data/API_SP.POP.65UP.FE.ZS_DS2_en_excel_v2_42916.xls,"Population ages 65 and above, female (% of female population)","Female population 65 years of age or older as a percentage of the total female population. Population is based on the de facto definition of population, which counts all residents regardless of legal status or citizenship.",United Nations Population Division. World Population Prospects: 2022 Revision.
SP.POP.65UP.MA.IN,Health,SP.POP.65UP.MA.IN,"Population ages 65 and above, male",descargado,https://data.worldbank.org/indicator/SP.POP.65UP.MA.IN?view=chart,,SP.POP.65UP.MA.IN,/Users/miguelkiszkurno/Documents/TT1/data/API_SP.POP.65UP.MA.IN_DS2_en_excel_v2_45218.xls,"Population ages 65 and above, male","Male population 65 years of age or older. Population is based on the de facto definition of population, which counts all residents regardless of legal status or citizenship.",World Bank staff estimates using the World Bank's total population and age/sex distributions of the United Nations Population Division's World Population Prospects: 2022 Revision.
SP.POP.65UP.MA.ZS,Health,SP.POP.65UP.MA.ZS,"Population ages 65 and above, male (% of male population)",descargado,https://data.worldbank.org/indicator/SP.POP.65UP.MA.ZS?view=chart,,SP.POP.65UP.MA.ZS,/Users/miguelkiszkurno/Documents/TT1/data/API_SP.POP.65UP.MA.ZS_DS2_en_excel_v2_52578.xls,"Population ages 65 and above, male (% of male population)","Male population 65 years of age or older as a percentage of the total male population. Population is based on the de facto definition of population, which counts all residents regardless of legal status or citizenship.",United Nations Population Division. World Population Prospects: 2022 Revision.
SP.POP.65UP.TO,Health,SP.POP.65UP.TO,"Population ages 65 and above, total",descargado,https://data.worldbank.org/indicator/SP.POP.65UP.TO?view=chart,,SP.POP.65UP.TO,/Users/miguelkiszkurno/Documents/TT1/data/API_SP.POP.65UP.TO_DS2_en_excel_v2_44600.xls,"Population ages 65 and above, total","Total population 65 years of age or older. Population is based on the de facto definition of population, which counts all residents regardless of legal status or citizenship.",World Bank staff estimates using the World Bank's total population and age/sex distributions of the United Nations Population Division's World Population Prospects: 2022 Revision.
SP.POP.65UP.TO.ZS,Health,SP.POP.65UP.TO.ZS,Population ages 65 and above (% of total population),descargado,https://data.worldbank.org/indicator/SP.POP.65UP.TO.ZS?view=chart,,SP.POP.65UP.TO.ZS,/Users/miguelkiszkurno/Documents/TT1/data/API_SP.POP.65UP.TO.ZS_DS2_en_excel_v2_42508.xls,Population ages 65 and above (% of total population),"Population ages 65 and above as a percentage of the total population. Population is based on the de facto definition of population, which counts all residents regardless of legal status or citizenship.",United Nations Population Division. World Population Prospects: 2022 Revision.
SP.POP.7074.FE.5Y,Health,SP.POP.7074.FE.5Y,"Population ages 70-74, female (% of female population)",descargado,https://data.worldbank.org/indicator/SP.POP.7074.FE.5Y?view=chart,,SP.POP.7074.FE.5Y,/Users/miguelkiszkurno/Documents/TT1/data/API_SP.POP.7074.FE.5Y_DS2_en_excel_v2_53432.xls,"Population ages 70-74, female (% of female population)",Female population between the ages 70 to 74 as a percentage of the total female population.,United Nations Population Division. World Population Prospects: 2022 Revision.
SP.POP.7074.MA.5Y,Health,SP.POP.7074.MA.5Y,"Population ages 70-74, male (% of male population)",descargado,https://data.worldbank.org/indicator/SP.POP.7074.MA.5Y?view=chart,,SP.POP.7074.MA.5Y,/Users/miguelkiszkurno/Documents/TT1/data/API_SP.POP.7074.MA.5Y_DS2_en_excel_v2_50924.xls,"Population ages 70-74, male (% of male population)",Male population between the ages 70 to 74 as a percentage of the total male population.,United Nations Population Division. World Population Prospects: 2022 Revision.
SP.POP.7579.FE.5Y,Health,SP.POP.7579.FE.5Y,"Population ages 75-79, female (% of female population)",descargado,https://data.worldbank.org/indicator/SP.POP.7579.FE.5Y?view=chart,,SP.POP.7579.FE.5Y,/Users/miguelkiszkurno/Documents/TT1/data/API_SP.POP.7579.FE.5Y_DS2_en_excel_v2_51039.xls,"Population ages 75-79, female (% of female population)",Female population between the ages 75 to 79 as a percentage of the total female population.,United Nations Population Division. World Population Prospects: 2022 Revision.
SP.POP.7579.MA.5Y,Health,SP.POP.7579.MA.5Y,"Population ages 75-79, male (% of male population)",descargado,https://data.worldbank.org/indicator/SP.POP.7579.MA.5Y?view=chart,,SP.POP.7579.MA.5Y,/Users/miguelkiszkurno/Documents/TT1/data/API_SP.POP.7579.MA.5Y_DS2_en_excel_v2_51986.xls,"Population ages 75-79, male (% of male population)",Male population between the ages 75 to 79 as a percentage of the total male population.,United Nations Population Division. World Population Prospects: 2022 Revision.
SP.POP.80UP.FE.5Y,Health,SP.POP.80UP.FE.5Y,"Population ages 80 and above, female (% of female population)",descargado,https://data.worldbank.org/indicator/SP.POP.80UP.FE.5Y?view=chart,,SP.POP.80UP.FE.5Y,/Users/miguelkiszkurno/Documents/TT1/data/API_SP.POP.80UP.FE.5Y_DS2_en_excel_v2_51584.xls,"Population ages 80 and above, female (% of female population)",Female population between the ages 80 and above as a percentage of the total female population.,United Nations Population Division. World Population Prospects: 2022 Revision.
SP.POP.80UP.MA.5Y,Health,SP.POP.80UP.MA.5Y,"Population ages 80 and above, male (% of male population)",descargado,https://data.worldbank.org/indicator/SP.POP.80UP.MA.5Y?view=chart,,SP.POP.80UP.MA.5Y,/Users/miguelkiszkurno/Documents/TT1/data/API_SP.POP.80UP.MA.5Y_DS2_en_excel_v2_47646.xls,"Population ages 80 and above, male (% of male population)",Male population between the ages 80 and above as a percentage of the total male population.,United Nations Population Division. World Population Prospects: 2022 Revision.
SP.POP.DPND,Health,SP.POP.DPND,Age dependency ratio (% of working-age population),descargado,https://data.worldbank.org/indicator/SP.POP.DPND?view=chart,,SP.POP.DPND,/Users/miguelkiszkurno/Documents/TT1/data/API_SP.POP.DPND_DS2_en_excel_v2_42429.xls,Age dependency ratio (% of working-age population),Age dependency ratio is the ratio of dependents--people younger than 15 or older than 64--to the working-age population--those ages 15-64. Data are shown as the proportion of dependents per 100 working-age population.,World Bank staff estimates based on age distributions of United Nations Population Division's World Population Prospects: 2022 Revision.
SP.POP.DPND.OL,Health,SP.POP.DPND.OL,"Age dependency ratio, old (% of working-age population)",descargado,https://data.worldbank.org/indicator/SP.POP.DPND.OL?view=chart,,SP.POP.DPND.OL,/Users/miguelkiszkurno/Documents/TT1/data/API_SP.POP.DPND.OL_DS2_en_excel_v2_43860.xls,"Age dependency ratio, old (% of working-age population)","Age dependency ratio, old, is the ratio of older dependents--people older than 64--to the working-age population--those ages 15-64. Data are shown as the proportion of dependents per 100 working-age population.",World Bank staff estimates based on age distributions of United Nations Population Division's World Population Prospects: 2022 Revision.
SP.POP.DPND.YG,Health,SP.POP.DPND.YG,"Age dependency ratio, young (% of working-age population)",descargado,https://data.worldbank.org/indicator/SP.POP.DPND.YG?view=chart,,SP.POP.DPND.YG,/Users/miguelkiszkurno/Documents/TT1/data/API_SP.POP.DPND.YG_DS2_en_excel_v2_42457.xls,"Age dependency ratio, young (% of working-age population)","Age dependency ratio, young, is the ratio of younger dependents--people younger than 15--to the working-age population--those ages 15-64. Data are shown as the proportion of dependents per 100 working-age population.",World Bank staff estimates based on age distributions of United Nations Population Division's World Population Prospects: 2022 Revision.
SP.POP.TOTL.FE.IN,Health,SP.POP.TOTL.FE.IN,"Population, female",descargado,https://data.worldbank.org/indicator/SP.POP.TOTL.FE.IN?view=chart,,SP.POP.TOTL.FE.IN,/Users/miguelkiszkurno/Documents/TT1/data/API_SP.POP.TOTL.FE.IN_DS2_en_excel_v2_43313.xls,"Population, female","Female population is based on the de facto definition of population, which counts all female residents regardless of legal status or citizenship.",World Bank staff estimates using the World Bank's total population and age/sex distributions of the United Nations Population Division's World Population Prospects: 2022 Revision.
SP.POP.TOTL.FE.ZS,Health,SP.POP.TOTL.FE.ZS,"Population, female (% of total population)",descargado,https://data.worldbank.org/indicator/SP.POP.TOTL.FE.ZS?view=chart,,SP.POP.TOTL.FE.ZS,/Users/miguelkiszkurno/Documents/TT1/data/API_SP.POP.TOTL.FE.ZS_DS2_en_excel_v2_414.xls,"Population, female (% of total population)","Female population is the percentage of the population that is female. Population is based on the de facto definition of population, which counts all residents regardless of legal status or citizenship.",World Bank staff estimates based on age/sex distributions of United Nations Population Division's World Population Prospects: 2022 Revision.
SP.POP.TOTL.MA.IN,Health,SP.POP.TOTL.MA.IN,"Population, male",descargado,https://data.worldbank.org/indicator/SP.POP.TOTL.MA.IN?view=chart,,SP.POP.TOTL.MA.IN,/Users/miguelkiszkurno/Documents/TT1/data/API_SP.POP.TOTL.MA.IN_DS2_en_excel_v2_319.xls,"Population, male","Male population is based on the de facto definition of population, which counts all male residents regardless of legal status or citizenship.",World Bank staff estimates using the World Bank's total population and age/sex distributions of the United Nations Population Division's World Population Prospects: 2022 Revision.
SP.POP.TOTL.MA.ZS,Health,SP.POP.TOTL.MA.ZS,"Population, male (% of total population)",descargado,https://data.worldbank.org/indicator/SP.POP.TOTL.MA.ZS?view=chart,,SP.POP.TOTL.MA.ZS,/Users/miguelkiszkurno/Documents/TT1/data/API_SP.POP.TOTL.MA.ZS_DS2_en_excel_v2_549.xls,"Population, male (% of total population)","Male population is the percentage of the population that is male. Population is based on the de facto definition of population, which counts all residents regardless of legal status or citizenship.",World Bank staff estimates based on age/sex distributions of United Nations Population Division's World Population Prospects: 2022 Revision.
